FuelUnits,kBtu_mult,source_mult
Chilled Water (ton-hours),12,1
"Chilled Water, onsite cogeneration (ton-hours)",12,1.08
Coal - anthracite (tons),25090,1
Coal - bituminous (tons),24930,1
Diesel (gallons),138,1.01
"Electricity, grid purchase (kWh)",3.412,3.14
"Electricity, onsite cogeneration (kWh)",3.412,2.52
"Electricity, onsite hydro (kWh)",3.412,1
"Electricity, onsite solar PV (kWh)",3.412,1
"Electricity, onsite wind (kWh)",3.412,1
"Electricity, other (kWh)",3.412,1
Fuel Oil #1 (gallons),139,1.01
Fuel Oil #2 (gallons),138,1.01
Fuel Oil #4 (gallons),146,1.01
Fuel Oil #5 and #6 (gallons),150,1.01
Hot Water (therms),100,1.2
"Hot Water, onsite cogeneration (therms)",100,0.98
Kerosene (gallons),135,1.01
Natural Gas (ccf),102.6,1.05
Natural Gas (therms),100,1.05
Propane and Liquid Propane (gallons),91,1.01
Steam (thousand lbs),1194,1.2
"Steam, onsite cogeneration (thousand lbs)",1194,0.98
Wood (tons),17480,1
